typeCode,freqCode,refPeriodId,refYear,refMonth,period,reporterCode,reporterISO,reporterDesc,flowCode,flowDesc,partnerCode,partnerISO,partnerDesc,partner2Code,partner2ISO,partner2Desc,classificationCode,classificationSearchCode,isOriginalClassification,cmdCode,cmdDesc,aggrLevel,isLeaf,customsCode,customsDesc,mosCode,motCode,motDesc,qtyUnitCode,qtyUnitAbbr,qty,isQtyEstimated,altQtyUnitCode,altQtyUnitAbbr,altQty,isAltQtyEstimated,netWgt,isNetWgtEstimated,grossWgt,isGrossWgtEstimated,cifvalue,fobvalue,primaryValue,legacyEstimationFlag,isReported,isAggregate
"C","A","20180101","2018","52","2018","156","CHN","China","X","Export","842","USA","USA","0","W00","World","H5","HS","true","850760","Electric accumulators; lithium-ion, including separators, whether or not rectangular (including square)","6","true","C00","TOTAL CPC","0","0","TOTAL MOT","5","u","140729429","false","5","u","140729429","false","20124460.383","true","0","false","0","1443367580","1443367580","4","true","false",
"C","A","20180101","2018","52","2018","458","MYS","Malaysia","X","Export","842","USA","USA","0","W00","World","H5","HS","true","850760","Electric accumulators; lithium-ion, including separators, whether or not rectangular (including square)","6","true","C00","TOTAL CPC","0","0","TOTAL MOT","5","u","2765370","false","5","u","2765370","false","241485.38","true","0","false","0","17319826.812","17319826.812","4","false","true",
"C","A","20180101","2018","52","2018","704","VNM","Viet Nam","X","Export","842","USA","USA","0","W00","World","H5","HS","true","850760","Electric accumulators; lithium-ion, including separators, whether or not rectangular (including square)","6","true","C00","TOTAL CPC","0","0","TOTAL MOT","5","u","696510.96","true","-1","N/A","0","false","457603.803","true","0","false",,"32820283.45","32820283.45","6","true","false",
"C","A","20180101","2018","52","2018","764","THA","Thailand","X","Export","842","USA","USA","0","W00","World","H5","HS","true","850760","Electric accumulators; lithium-ion, including separators, whether or not rectangular (including square)","6","true","C00","TOTAL CPC","0 ","0","TOTAL MOT","5","u","3756","false","5","u","3756","false","498","false",,"false",,"54509.69","54509.69","0","false","true",
"C","A","20180101","2018","52","2018","156","CHN","China","X","Export","842","USA","USA","0","W00","World","H5","HS","true","870380","Vehicles; with only electric motor for propulsion","6","true","C00","TOTAL CPC","0","0","TOTAL MOT","5","u","313","false","5","u","313","false","105895.986","true","0","false","0","2295034","2295034","4","true","false",
"C","A","20190101","2019","52","2019","156","CHN","China","X","Export","842","USA","USA","0","W00","World","H5","HS","true","850760","Electric accumulators; lithium-ion, including separators, whether or not rectangular (including square)","6","true","C00","TOTAL CPC","0","0","TOTAL MOT","5","u","170878305","false","5","u","170878305","false","27500676.044","true","0","false","0","1867247301","1867247301","4","true","false",
"C","A","20190101","2019","52","2019","156","CHN","China","X","Export","842","USA","USA","0","W00","World","H5","HS","true","870380","Vehicles; with only electric motor for propulsion","6","true","C00","TOTAL CPC","0","0","TOTAL MOT","5","u","334","false","5","u","334","false","279972","false","0","false","0","2688526","2688526","0","true","false",
"C","A","20190101","2019","52","2019","458","MYS","Malaysia","X","Export","842","USA","USA","0","W00","World","H5","HS","true","850760","Electric accumulators; lithium-ion, including separators, whether or not rectangular (including square)","6","true","C00","TOTAL CPC","0","0","TOTAL MOT","5","u","10286579","false","5","u","10286579","false","720167.275","true","0","false","0","48898085.217","48898085.217","4","false","true",
"C","A","20190101","2019","52","2019","704","VNM","Viet Nam","X","Export","842","USA","USA","0","W00","World","H5","HS","true","850760","Electric accumulators; lithium-ion, including separators, whether or not rectangular (including square)","6","true","C00","TOTAL CPC","0","0","TOTAL MOT","-1","N/A","0","true","-1","N/A","0","false","826541.617","true","0","false",,"61603352.88","61603352.88","6","true","false",
"C","A","20190101","2019","52","2019","764","THA","Thailand","X","Export","842","USA","USA","0","W00","World","H5","HS","true","850760","Electric accumulators; lithium-ion, including separators, whether or not rectangular (including square)","6","true","C00","TOTAL CPC","0","0","TOTAL MOT","5","u","4928","false","5","u","4928","false","1395.262","true","0","false",,"212470.801","212470.801","4","false","true",
"C","A","20190101","2019","52","2019","764","THA","Thailand","X","Export","842","USA","USA","36","AUS","Australia","H5","HS","true","850760","Electric accumulators; lithium-ion, including separators, whether or not rectangular (including square)","6","true","C00","TOTAL CPC","0","0","TOTAL MOT","5","u","1000","false","5","u","1000","false","263","false","0","false",,"68759.989","68759.989","0","false","true",
"C","A","20190101","2019","52","2019","764","THA","Thailand","X","Export","842","USA","USA","92","VGB","Br. Virgin Isds","H5","HS","true","850760","Electric accumulators; lithium-ion, including separators, whether or not rectangular (including square)","6","true","C00","TOTAL CPC","0","0","TOTAL MOT","5","u","1200","false","5","u","1200","false","180","false","0","false",,"24928.005","24928.005","0","false","true",
"C","A","20190101","2019","52","2019","764","THA","Thailand","X","Export","842","USA","USA","344","HKG","China, Hong Kong SAR","H5","HS","true","850760","Electric accumulators; lithium-ion, including separators, whether or not rectangular (including square)","6","true","C00","TOTAL CPC","0","0","TOTAL MOT","5","u","1","false","5","u","1","false","0.52","true","0","false",,"6.962","6.962","4","false","true",
"C","A","20190101","2019","52","2019","764","THA","Thailand","X","Export","842","USA","USA","842","USA","USA","H5","HS","true","850760","Electric accumulators; lithium-ion, including separators, whether or not rectangular (including square)","6","true","C00","TOTAL CPC","0","0","TOTAL MOT","5","u","1777","false","5","u","1777","false","742.742","true","0","false",,"53909.866","53909.866","4","false","true",
"C","A","20190101","2019","52","2019","764","THA","Thailand","X","Export","842","USA","USA","899","_X ","Areas, nes","H5","HS","true","850760","Electric accumulators; lithium-ion, including separators, whether or not rectangular (including square)","6","true","C00","TOTAL CPC","0","0","TOTAL MOT","5","u","950","false","5","u","950","false","209","false","0","false",,"64865.978","64865.978","0","false","true",
"C","A","20200101","2020","52","2020","156","CHN","China","X","Export","842","USA","USA","0","W00","World","H5","HS","true","850760","Electric accumulators; lithium-ion, including separators, whether or not rectangular (including square)","6","true","C00","TOTAL CPC","0","0","TOTAL MOT","5","u","169573104","false","5","u","169573104","false","78757224","false","0","false","0","2487300358","2487300358","0","true","false",
"C","A","20200101","2020","52","2020","156","CHN","China","X","Export","842","USA","USA","0","W00","World","H5","HS","true","870380","Vehicles; with only electric motor for propulsion","6","true","C00","TOTAL CPC","0","0","TOTAL MOT","5","u","2758","false","5","u","2758","false","5035842","false","0","false","0","91555186","91555186","0","true","false",
"C","A","20200101","2020","52","2020","458","MYS","Malaysia","X","Export","842","USA","USA","0","W00","World","H5","HS","true","850760","Electric accumulators; lithium-ion, including separators, whether or not rectangular (including square)","6","true","C00","TOTAL CPC","0","0","TOTAL MOT","5","u","18194337","false","5","u","18194337","false","1237475.797","true","0","false","0","83802392.208","83802392.208","4","false","true",
"C","A","20200101","2020","52","2020","704","VNM","Viet Nam","X","Export","842","USA","USA","0","W00","World","H5","HS","true","850760","Electric accumulators; lithium-ion, including separators, whether or not rectangular (including square)","6","true","C00","TOTAL CPC","0","0","TOTAL MOT","-1","N/A","0","true","-1","N/A","0","false","837238.51","true","0","false","0","59750390.141","59750390.141","6","true","false",
"C","A","20200101","2020","52","2020","704","VNM","Viet Nam","X","Export","842","USA","USA","0","W00","World","H5","HS","true","870380","Vehicles; with only electric motor for propulsion","6","true","C00","TOTAL CPC","0","0","TOTAL MOT","5","u","128.88","true","-1","N/A","0","false","207345.567","true","0","false","0","4223536","4223536","6","true","false",
"C","A","20200101","2020","52","2020","764","THA","Thailand","X","Export","842","USA","USA","0","W00","World","H5","HS","true","850760","Electric accumulators; lithium-ion, including separators, whether or not rectangular (including square)","6","true","C00","TOTAL CPC","0","0","TOTAL MOT","5","u","3911","false","5","u","3911","false","560.044","true","0","false",,"93737.616","93737.616","4","false","true",
"C","A","20200101","2020","52","2020","764","THA","Thailand","X","Export","842","USA","USA","0","W00","World","H5","HS","true","870380","Vehicles; with only electric motor for propulsion","6","true","C00","TOTAL CPC","0","0","TOTAL MOT","5","u","0.199","true","8","kg","11","false","11","false","0","false",,"7799.993","7799.993","2","false","true",
"C","A","20200101","2020","52","2020","764","THA","Thailand","X","Export","842","USA","USA","36","AUS","Australia","H5","HS","true","850760","Electric accumulators; lithium-ion, including separators, whether or not rectangular (including square)","6","true","C00","TOTAL CPC","0","0","TOTAL MOT","5","u","328","false","5","u","328","false","90","false","0","false",,"21090.398","21090.398","0","false","true",
"C","A","20200101","2020","52","2020","764","THA","Thailand","X","Export","842","USA","USA","92","VGB","Br. Virgin Isds","H5","HS","true","850760","Electric accumulators; lithium-ion, including separators, whether or not rectangular (including square)","6","true","C00","TOTAL CPC","0","0","TOTAL MOT","5","u","800","false","5","u","800","false","120","false","0","false",,"16552.773","16552.773","0","false","true",
"C","A","20200101","2020","52","2020","764","THA","Thailand","X","Export","842","USA","USA","344","HKG","China, Hong Kong SAR","H5","HS","true","850760","Electric accumulators; lithium-ion, including separators, whether or not rectangular (including square)","6","true","C00","TOTAL CPC","0","0","TOTAL MOT","5","u","316","false","5","u","316","false","11","false","0","false",,"1248.199","1248.199","0","false","true",
"C","A","20200101","2020","52","2020","764","THA","Thailand","X","Export","842","USA","USA","702","SGP","Singapore","H5","HS","true","850760","Electric accumulators; lithium-ion, including separators, whether or not rectangular (including square)","6","true","C00","TOTAL CPC","0","0","TOTAL MOT","5","u","180","false","5","u","180","false","77","false","0","false",,"12157.982","12157.982","0","false","true",
"C","A","20200101","2020","52","2020","764","THA","Thailand","X","Export","842","USA","USA","842","USA","USA","H5","HS","true","850760","Electric accumulators; lithium-ion, including separators, whether or not rectangular (including square)","6","true","C00","TOTAL CPC","0","0","TOTAL MOT","5","u","2287","false","5","u","2287","false","262.044","true","0","false",,"42688.264","42688.264","4","false","true",
"C","A","20200101","2020","52","2020","764","THA","Thailand","X","Export","842","USA","USA","842","USA","USA","H5","HS","true","870380","Vehicles; with only electric motor for propulsion","6","true","C00","TOTAL CPC","0","0","TOTAL MOT","5","u","0.199","true","8","kg","11","false","11","false","0","false",,"7799.993","7799.993","2","false","true",
"C","A","20210101","2021","52","2021","156","CHN","China","X","Export","842","USA","USA","0","W00","World","H5","HS","true","850760","Electric accumulators; lithium-ion, including separators, whether or not rectangular (including square)","6","true","C00","TOTAL CPC","0","0","TOTAL MOT","5","u","335557842","false","5","u","335557842","false","193291709","false","0","false",,"4942067377","4942067377","0","true","false",
"C","A","20210101","2021","52","2021","156","CHN","China","X","Export","842","USA","USA","0","W00","World","H5","HS","true","870380","Vehicles; with only electric motor for propulsion","6","true","C00","TOTAL CPC","0","0","TOTAL MOT","5","u","7322","false","5","u","7322","false","12239931","false","0","false",,"237038300","237038300","0","true","false",
"C","A","20210101","2021","52","2021","458","MYS","Malaysia","X","Export","842","USA","USA","0","W00","World","H5","HS","true","850760","Electric accumulators; lithium-ion, including separators, whether or not rectangular (including square)","6","true","C00","TOTAL CPC","0","0","TOTAL MOT","5","u","46031643","false","5","u","46031643","false","980622.854","true","0","false","0","68399861.419","68399861.419","4","false","true",
"C","A","20210101","2021","52","2021","704","VNM","Viet Nam","X","Export","842","USA","USA","0","W00","World","H5","HS","true","850760","Electric accumulators; lithium-ion, including separators, whether or not rectangular (including square)","6","true","C00","TOTAL CPC","0","0","TOTAL MOT","-1","N/A","0","false","-1","N/A","0","false","2377285.48","true","0","false","0","138061572.124","138061572.124","4","true","false",
"C","A","20210101","2021","52","2021","704","VNM","Viet Nam","X","Export","842","USA","USA","0","W00","World","H5","HS","true","870380","Vehicles; with only electric motor for propulsion","6","true","C00","TOTAL CPC","0","0","TOTAL MOT","5","u","176.401","true","-1","N/A","0","false","306512.66","true","0","false","0","6245116","6245116","6","true","false",
"C","A","20210101","2021","52","2021","764","THA","Thailand","X","Export","842","USA","USA","0","W00","World","H5","HS","true","850760","Electric accumulators; lithium-ion, including separators, whether or not rectangular (including square)","6","true","C00","TOTAL CPC","0","0","TOTAL MOT","5","u","4945","false","5","u","4945","false","772.768","true","0","false",,"150065.875","150065.875","4","false","true",
"C","A","20210101","2021","52","2021","764","THA","Thailand","X","Export","842","USA","USA","36","AUS","Australia","H5","HS","true","850760","Electric accumulators; lithium-ion, including separators, whether or not rectangular (including square)","6","true","C00","TOTAL CPC","0","0","TOTAL MOT","5","u","399","false","5","u","399","false","110","false","0","false",,"25655.729","25655.729","0","false","true",
"C","A","20210101","2021","52","2021","764","THA","Thailand","X","Export","842","USA","USA","92","VGB","Br. Virgin Isds","H5","HS","true","850760","Electric accumulators; lithium-ion, including separators, whether or not rectangular (including square)","6","true","C00","TOTAL CPC","0","0","TOTAL MOT","5","u","1200","false","5","u","1200","false","180","false","0","false",,"24950.801","24950.801","0","false","true",
"C","A","20210101","2021","52","2021","764","THA","Thailand","X","Export","842","USA","USA","344","HKG","China, Hong Kong SAR","H5","HS","true","850760","Electric accumulators; lithium-ion, including separators, whether or not rectangular (including square)","6","true","C00","TOTAL CPC","0","0","TOTAL MOT","5","u","5","false","5","u","5","false","0.768","true","0","false",,"17.498","17.498","4","false","true",
"C","A","20210101","2021","52","2021","764","THA","Thailand","X","Export","842","USA","USA","579","NOR","Norway","H5","HS","true","850760","Electric accumulators; lithium-ion, including separators, whether or not rectangular (including square)","6","true","C00","TOTAL CPC","0","0","TOTAL MOT","5","u","50","false","5","u","50","false","24","false","0","false",,"49.994","49.994","0","false","true",
"C","A","20210101","2021","52","2021","764","THA","Thailand","X","Export","842","USA","USA","702","SGP","Singapore","H5","HS","true","850760","Electric accumulators; lithium-ion, including separators, whether or not rectangular (including square)","6","true","C00","TOTAL CPC","0","0","TOTAL MOT","5","u","20","false","5","u","20","false","7","false","0","false",,"1283.166","1283.166","0","false","true",
"C","A","20210101","2021","52","2021","764","THA","Thailand","X","Export","842","USA","USA","842","USA","USA","H5","HS","true","850760","Electric accumulators; lithium-ion, including separators, whether or not rectangular (including square)","6","true","C00","TOTAL CPC","0","0","TOTAL MOT","5","u","3271","false","5","u","3271","false","451","false","0","false",,"98108.687","98108.687","0","false","true",
"C","A","20220101","2022","52","2022","156","CHN","China","X","Export","842","USA","USA","0","W00","World","H6","HS","true","850760","Electric accumulators; lithium-ion, including separators, whether or not rectangular (including square)","6","true","C00","TOTAL CPC","0","0","TOTAL MOT","5","u","254795655","false","5","u","254795655","false","452496224.891","true","0","false",,"10140436891","10140436891","4","true","false",
"C","A","20220101","2022","52","2022","156","CHN","China","X","Export","842","USA","USA","0","W00","World","H6","HS","true","870380","Vehicles; with only electric motor for propulsion","6","true","C00","TOTAL CPC","0","0","TOTAL MOT","5","u","14845","false","5","u","14845","false","25216851","false","0","false",,"459645612","459645612","0","true","false",
"C","A","20220101","2022","52","2022","458","MYS","Malaysia","X","Export","842","USA","USA","0","W00","World","H6","HS","true","850760","Electric accumulators; lithium-ion, including separators, whether or not rectangular (including square)","6","true","C00","TOTAL CPC","0","0","TOTAL MOT","5","u","92616110","false","5","u","92616110","false","4557209.994","true","0","false",,"225474429.298","225474429.298","4","false","true",
"C","A","20220101","2022","52","2022","704","VNM","Viet Nam","X","Export","842","USA","USA","0","W00","World","H6","HS","true","850760","Electric accumulators; lithium-ion, including separators, whether or not rectangular (including square)","6","true","C00","TOTAL CPC","0","0","TOTAL MOT","-1","N/A","0","false","-1","N/A","0","false","6417932.155","true","0","false",,"317536297.815","317536297.815","4","false","true",
"C","A","20220101","2022","52","2022","704","VNM","Viet Nam","X","Export","842","USA","USA","0","W00","World","H6","HS","true","870380","Vehicles; with only electric motor for propulsion","6","true","C00","TOTAL CPC","0","0","TOTAL MOT","5","u","1918.199","true","-1","N/A","0","false","3789973.98","true","0","false",,"77675384.9","77675384.9","6","false","true",
"C","A","20220101","2022","52","2022","764","THA","Thailand","X","Export","842","USA","USA","0","W00","World","H6","HS","true","850760","Electric accumulators; lithium-ion, including separators, whether or not rectangular (including square)","6","true","C00","TOTAL CPC","0","0","TOTAL MOT","5","u","6124","false","5","u","6124","false","9614","false","0","false",,"656866.034","656866.034","0","false","true",
"C","A","20220101","2022","52","2022","764","THA","Thailand","X","Export","842","USA","USA","208","DNK","Denmark","H6","HS","true","850760","Electric accumulators; lithium-ion, including separators, whether or not rectangular (including square)","6","true","C00","TOTAL CPC","0","0","TOTAL MOT","5","u","8","false","5","u","8","false","2","false","0","false",,"82.103","82.103","0","false","true",
"C","A","20220101","2022","52","2022","764","THA","Thailand","X","Export","842","USA","USA","344","HKG","China, Hong Kong SAR","H6","HS","true","850760","Electric accumulators; lithium-ion, including separators, whether or not rectangular (including square)","6","true","C00","TOTAL CPC","0","0","TOTAL MOT","5","u","300","false","5","u","300","false","60","false","0","false",,"4207.162","4207.162","0","false","true",
"C","A","20220101","2022","52","2022","764","THA","Thailand","X","Export","842","USA","USA","490","S19","Other Asia, nes","H6","HS","true","850760","Electric accumulators; lithium-ion, including separators, whether or not rectangular (including square)","6","true","C00","TOTAL CPC","0","0","TOTAL MOT","5","u","1600","false","5","u","1600","false","240","false","0","false",,"36620.622","36620.622","0","false","true",
"C","A","20220101","2022","52","2022","764","THA","Thailand","X","Export","842","USA","USA","579","NOR","Norway","H6","HS","true","850760","Electric accumulators; lithium-ion, including separators, whether or not rectangular (including square)","6","true","C00","TOTAL CPC","0","0","TOTAL MOT","5","u","9","false","5","u","9","false","4","false","0","false",,"44.996","44.996","0","false","true",
"C","A","20220101","2022","52","2022","764","THA","Thailand","X","Export","842","USA","USA","702","SGP","Singapore","H6","HS","true","850760","Electric accumulators; lithium-ion, including separators, whether or not rectangular (including square)","6","true","C00","TOTAL CPC","0","0","TOTAL MOT","5","u","100","false","5","u","100","false","36","false","0","false",,"7035.415","7035.415","0","false","true",
"C","A","20220101","2022","52","2022","764","THA","Thailand","X","Export","842","USA","USA","842","USA","USA","H6","HS","true","850760","Electric accumulators; lithium-ion, including separators, whether or not rectangular (including square)","6","true","C00","TOTAL CPC","0","0","TOTAL MOT","5","u","4107","false","5","u","4107","false","9272","false","0","false",,"608875.736","608875.736","0","false","true",
"C","A","20230101","2023","52","2023","156","CHN","China","X","Export","842","USA","USA","0","W00","World","H6","HS","true","850760","Electric accumulators; lithium-ion, including separators, whether or not rectangular (including square)","6","true","C00","TOTAL CPC","0","0","TOTAL MOT","5","u","224161539","false","5","u","224161539","false","654443183","false","0","false",,"13569075977","13569075977","0","true","false",
"C","A","20230101","2023","52","2023","156","CHN","China","X","Export","842","USA","USA","0","W00","World","H6","HS","true","870380","Vehicles; with only electric motor for propulsion","6","true","C00","TOTAL CPC","0","0","TOTAL MOT","5","u","12388","false","5","u","12388","false","18911868","false","0","false",,"332592054","332592054","0","true","false",
"C","A","20230101","2023","52","2023","458","MYS","Malaysia","X","Export","842","USA","USA","0","W00","World","H6","HS","true","850760","Electric accumulators; lithium-ion, including separators, whether or not rectangular (including square)","6","true","C00","TOTAL CPC","0","0","TOTAL MOT","5","u","168002788","false","5","u","168002788","false","7818709.488","true","0","false",,"447034973.6","447034973.6","4","false","true",
"C","A","20230101","2023","52","2023","458","MYS","Malaysia","X","Export","842","USA","USA","0","W00","World","H6","HS","true","870380","Vehicles; with only electric motor for propulsion","6","true","C00","TOTAL CPC","0","0","TOTAL MOT","5","u","1","false","5","u","1","false","2292.755","true","0","false",,"48675.361","48675.361","4","false","true",
"C","A","20230101","2023","52","2023","704","VNM","Viet Nam","X","Export","842","USA","USA","0","W00","World","H6","HS","true","850760","Electric accumulators; lithium-ion, including separators, whether or not rectangular (including square)","6","true","C00","TOTAL CPC","0","0","TOTAL MOT","-1","N/A","0","false","-1","N/A","0","false","7183152.494","true","0","false",,"390195809.47","390195809.47","4","false","true",
"C","A","20230101","2023","52","2023","704","VNM","Viet Nam","X","Export","842","USA","USA","0","W00","World","H6","HS","true","870380","Vehicles; with only electric motor for propulsion","6","true","C00","TOTAL CPC","0","0","TOTAL MOT","5","u","2815.608","true","-1","N/A","0","false","4787546.808","true","0","false",,"93524884","93524884","6","false","true",
"C","A","20230101","2023","52","2023","764","THA","Thailand","X","Export","842","USA","USA","0","W00","World","H6","HS","true","850760","Electric accumulators; lithium-ion, including separators, whether or not rectangular (including square)","6","true","C00","TOTAL CPC","0","0","TOTAL MOT","5","u","2756","false","5","u","2756","false","462","false","0","false",,"68829.749","68829.749","0","false","true",
"C","A","20230101","2023","52","2023","764","THA","Thailand","X","Export","842","USA","USA","490","S19","Other Asia, nes","H6","HS","true","850760","Electric accumulators; lithium-ion, including separators, whether or not rectangular (including square)","6","true","C00","TOTAL CPC","0","0","TOTAL MOT","5","u","800","false","5","u","800","false","120","false","0","false",,"18536.389","18536.389","0","false","true",
"C","A","20230101","2023","52","2023","764","THA","Thailand","X","Export","842","USA","USA","702","SGP","Singapore","H6","HS","true","850760","Electric accumulators; lithium-ion, including separators, whether or not rectangular (including square)","6","true","C00","TOTAL CPC","0","0","TOTAL MOT","5","u","60","false","5","u","60","false","22","false","0","false",,"4321.36","4321.36","0","false","true",
"C","A","20230101","2023","52","2023","764","THA","Thailand","X","Export","842","USA","USA","842","USA","USA","H6","HS","true","850760","Electric accumulators; lithium-ion, including separators, whether or not rectangular (including square)","6","true","C00","TOTAL CPC","0","0","TOTAL MOT","5","u","1896","false","5","u","1896","false","320","false","0","false",,"45972.001","45972.001","0","false","true",
"C","A","20240101","2024","52","2024","156","CHN","China","X","Export","842","USA","USA","0","W00","World","H6","HS","true","850760","Electric accumulators; lithium-ion, including separators, whether or not rectangular (including square)","6","true","C00","TOTAL CPC","0","0","TOTAL MOT","5","u","189108696","false","5","u","189108696","false","924296775","false","0","false",,"15336139169","15336139169","0","true","false",
"C","A","20240101","2024","52","2024","156","CHN","China","X","Export","842","USA","USA","0","W00","World","H6","HS","true","870380","Vehicles; with only electric motor for propulsion","6","true","C00","TOTAL CPC","0","0","TOTAL MOT","5","u","5999","false","5","u","5999","false","8114116","false","0","false",,"130920142","130920142","0","true","false",
"C","A","20240101","2024","52","2024","458","MYS","Malaysia","X","Export","842","USA","USA","0","W00","World","H6","HS","true","850760","Electric accumulators; lithium-ion, including separators, whether or not rectangular (including square)","6","true","C00","TOTAL CPC","0","0","TOTAL MOT","5","u","84273178","false","5","u","84273178","false","3846872.888","true","0","false",,"212740204.174","212740204.174","4","false","true",
"C","A","20240101","2024","52","2024","764","THA","Thailand","X","Export","842","USA","USA","0","W00","World","H6","HS","true","850760","Electric accumulators; lithium-ion, including separators, whether or not rectangular (including square)","6","true","C00","TOTAL CPC","0","0","TOTAL MOT","5","u","234999","false","5","u","234999","false","21157","false","0","false",,"1415863","1415863","0","false","true",
"C","A","20240101","2024","52","2024","764","THA","Thailand","X","Export","842","USA","USA","490","S19","Other Asia, nes","H6","HS","true","850760","Electric accumulators; lithium-ion, including separators, whether or not rectangular (including square)","6","true","C00","TOTAL CPC","0","0","TOTAL MOT","5","u","7429","false","5","u","7429","false","123","false","0","false",,"50564.3","50564.3","0","false","true",
"C","A","20240101","2024","52","2024","764","THA","Thailand","X","Export","842","USA","USA","579","NOR","Norway","H6","HS","true","850760","Electric accumulators; lithium-ion, including separators, whether or not rectangular (including square)","6","true","C00","TOTAL CPC","0","0","TOTAL MOT","5","u","319","false","5","u","319","false","252","false","0","false",,"20575.977","20575.977","0","false","true",
"C","A","20240101","2024","52","2024","764","THA","Thailand","X","Export","842","USA","USA","702","SGP","Singapore","H6","HS","true","850760","Electric accumulators; lithium-ion, including separators, whether or not rectangular (including square)","6","true","C00","TOTAL CPC","0","0","TOTAL MOT","5","u","1980","false","5","u","1980","false","822","false","0","false",,"142443.922","142443.922","0","false","true",
"C","A","20240101","2024","52","2024","764","THA","Thailand","X","Export","842","USA","USA","842","USA","USA","H6","HS","true","850760","Electric accumulators; lithium-ion, including separators, whether or not rectangular (including square)","6","true","C00","TOTAL CPC","0","0","TOTAL MOT","5","u","225261","false","5","u","225261","false","19959","false","0","false",,"1202207.31","1202207.31","0","false","true",
"C","A","20240101","2024","52","2024","764","THA","Thailand","X","Export","842","USA","USA","899","_X ","Areas, nes","H6","HS","true","850760","Electric accumulators; lithium-ion, including separators, whether or not rectangular (including square)","6","true","C00","TOTAL CPC","0","0","TOTAL MOT","5","u","10","false","5","u","10","false","1","false","0","false",,"71.491","71.491","0","false","true",
"C","A","20250101","2025","52","2025","156","CHN","China","X","Export","842","USA","USA","0","W00","World","H6","HS","true","850760","Electric accumulators; lithium-ion, including separators, whether or not rectangular (including square)","6","true","C00","TOTAL CPC","0","0","TOTAL MOT","5","u","210204008","false","5","u","210204008","false","940998916","false","0","false",,"11933360986","11933360986","0","true","false",
"C","A","20250101","2025","52","2025","156","CHN","China","X","Export","842","USA","USA","0","W00","World","H6","HS","true","870380","Vehicles; with only electric motor for propulsion","6","true","C00","TOTAL CPC","0","0","TOTAL MOT","5","u","7664","false","5","u","7664","false","8038824","false","0","false",,"105328723","105328723","0","true","false",
"C","A","20250101","2025","52","2025","458","MYS","Malaysia","X","Export","842","USA","USA","0","W00","World","H6","HS","true","850760","Electric accumulators; lithium-ion, including separators, whether or not rectangular (including square)","6","true","C00","TOTAL CPC","0","0","TOTAL MOT","5","u","8597603","false","5","u","8597603","false","3915961.476","true","0","false",,"205081063.853","205081063.853","4","false","true",
"C","A","20250101","2025","52","2025","764","THA","Thailand","X","Export","842","USA","USA","0","W00","World","H6","HS","true","850760","Electric accumulators; lithium-ion, including separators, whether or not rectangular (including square)","6","true","C00","TOTAL CPC","0","0","TOTAL MOT","5","u","241705","false","5","u","241705","false","2581088","false","0","false",,"152564943.211","152564943.211","0","false","true",
"C","A","20250101","2025","52","2025","764","THA","Thailand","X","Export","842","USA","USA","136","CYM","Cayman Isds","H6","HS","true","850760","Electric accumulators; lithium-ion, including separators, whether or not rectangular (including square)","6","true","C00","TOTAL CPC","0","0","TOTAL MOT","5","u","24","false","5","u","24","false","4","false","0","false",,"298.201","298.201","0","false","true",
"C","A","20250101","2025","52","2025","764","THA","Thailand","X","Export","842","USA","USA","392","JPN","Japan","H6","HS","true","850760","Electric accumulators; lithium-ion, including separators, whether or not rectangular (including square)","6","true","C00","TOTAL CPC","0","0","TOTAL MOT","5","u","14","false","5","u","14","false","168","false","0","false",,"17405.629","17405.629","0","false","true",
"C","A","20250101","2025","52","2025","764","THA","Thailand","X","Export","842","USA","USA","490","S19","Other Asia, nes","H6","HS","true","850760","Electric accumulators; lithium-ion, including separators, whether or not rectangular (including square)","6","true","C00","TOTAL CPC","0","0","TOTAL MOT","5","u","34598","false","5","u","34598","false","1056","false","0","false",,"259735.371","259735.371","0","false","true",
"C","A","20250101","2025","52","2025","764","THA","Thailand","X","Export","842","USA","USA","579","NOR","Norway","H6","HS","true","850760","Electric accumulators; lithium-ion, including separators, whether or not rectangular (including square)","6","true","C00","TOTAL CPC","0","0","TOTAL MOT","5","u","380","false","5","u","380","false","304","false","0","false",,"24344.001","24344.001","0","false","true",
"C","A","20250101","2025","52","2025","764","THA","Thailand","X","Export","842","USA","USA","702","SGP","Singapore","H6","HS","true","850760","Electric accumulators; lithium-ion, including separators, whether or not rectangular (including square)","6","true","C00","TOTAL CPC","0","0","TOTAL MOT","5","u","8256","false","5","u","8256","false","417203","false","0","false",,"7874077.628","7874077.628","0","false","true",
"C","A","20250101","2025","52","2025","764","THA","Thailand","X","Export","842","USA","USA","842","USA","USA","H6","HS","true","850760","Electric accumulators; lithium-ion, including separators, whether or not rectangular (including square)","6","true","C00","TOTAL CPC","0","0","TOTAL MOT","5","u","198433","false","5","u","198433","false","2162353","false","0","false",,"144389082.38","144389082.38","0","false","true",
